,JobID,text
50,276248,part time languag instructor italian teacher educ berlitz languag inc. windham part time part time italian instructorth berlitz advantageberlitz wide known premier provid languag train cultur servic locat countri includ locat u. canada. howev last year compani acquir other busi expand scope product services. train manag corpor tmc nd languag test incorpor slti two companies. acquisit berlitz abl provid product servic world wide includ languag profici test creation deliveri administr global leadership develop train commun train media base technolog enabl learn number program servic enhanc cross cultur effectiveness. servic combin led berlitz embark strategi recogn global educ compani mission help individu commun effect busi compet global marketplac succeed. merg year innov languag servic latest technolog advanc berlitz resourc extens network accommod need busi organ one one train enterpris wide programs. addit berlitz help world commun wide varieti consum program offer adult teen children. inform berlitz program servic visit www.berlitz.us.summari positionberlitz renown around world commit qualiti languag instruct educ seek passion knowledg part time instructor languag languag center well berlitz virtual classroom onlin teach platform excit immeasur reward role teach italian assign class student accord berlitz instruct principl maintain student class record fulfil administr duti requir request instruct manager. also particip profession develop cours activ ensur familiar goal orient student center instruction.if nativ fluenci languag passion learn teach berlitz may right place util knowledg skill develop person profession part time languag instructor job responsibilitiesa part time languag instructor deliv lesson accord berlitz teach principl focus interest need students. work privat student well group class learn center one offsit locations. addit respons part time languag instructor includ keep student record profil card date particip perform evalu plan integr learn technolog teach program maintain center resourc materi
51,287245,part time book keeper career personnel servic inc. birmingham part time part time experienc book keeper need enter ap ar payrol gener ledger. softwar industri specif call applic systems. experi system great ad benefit.
52,263829,part time languag instructor spanish teacher educ berlitz languag inc. independ part time part time english instructorth berlitz advantageberlitz premier provid languag train cultur servic locat countri includ locat u.s. canada. last year compani acquir busi expand scope services. addit product servic includ languag profici test creation deliveri administr commun global leadership develop train media base technolog enabl learn number program servic enhanc cross cultur effectiveness. servic combin led berlitz embark strategi recogn global educ company. mission help individu commun effect busi compet global marketplac succeed. merg year innov languag servic latest technolog advanc berlitz resourc extens network accommod need busi organ one one train enterpris wide programs. addit berlitz help world commun wide varieti consum program offer adult children teens.summari positionberlitz renown around world commit qualiti languag instruct educ seek passion knowledg part time instructor languag languag centers. excit immeasur reward role teach english assign class student accord berlitz instruct principl maintain student class record fulfil administr duti requir request instruct manager. also particip profession develop cours activ ensur familiar goal orient student center instruction.if nativ fluenci languag passion learn teach berlitz may right place util knowledg skill develop person profession part time languag instructor job responsibilitiesa part time languag instructor deliv lesson accord berlitz teach principl focus interest need students. work privat student well group class learn center one offsit locations. addit respons part time languag instructor includ keep student record profil card date particip perform evalu plan integr learn technolog teach program maintain center resourc materi
53,137041,part time languag instructor spanish teacher educ berlitz languag inc. milwauke part time part time languag instructorth berlitz advantageberlitz premier provid languag train cultur servic locat countri includ locat u.s. canada. last year compani acquir busi expand scope services. addit product servic includ languag profici test creation deliveri administr commun global leadership develop train media base technolog enabl learn number program servic enhanc cross cultur effectiveness. servic combin led berlitz embark strategi recogn global educ company. mission help individu commun effect busi compet global marketplac succeed. merg year innov languag servic latest technolog advanc berlitz resourc extens network accommod need busi organ one one train enterpris wide programs. addit berlitz help world commun wide varieti consum program offer adult children teens.summari positionberlitz renown around world commit qualiti languag instruct educ seek passion knowledg part time instructor languag languag centers. excit immeasur reward role teach requir languag assign class student accord berlitz instruct principl maintain student class record fulfil administr duti requir request instruct manager. also particip profession develop cours activ ensur familiar goal orient student center instruction.if nativ fluenci languag passion learn teach berlitz may right place util knowledg skill develop person profession part time languag instructor job responsibilitiesa part time languag instructor deliv lesson accord berlitz teach principl focus interest need students. work privat student well group class learn center one offsit locations. addit respons part time languag instructor includ keep student record profil card date particip perform evalu plan integr learn technolog teach program maintain center resourc materi
54,253624,part time languag instructor spanish teacher educ berlitz languag inc. grand rapid part time part time languag instructorth berlitz advantageberlitz premier provid languag train cultur servic locat countri includ locat u.s. canada. last year compani acquir busi expand scope services. addit product servic includ languag profici test creation deliveri administr commun global leadership develop train media base technolog enabl learn number program servic enhanc cross cultur effectiveness. servic combin led berlitz embark strategi recogn global educ company. mission help individu commun effect busi compet global marketplac succeed. merg year innov languag servic latest technolog advanc berlitz resourc extens network accommod need busi organ one one train enterpris wide programs. addit berlitz help world commun wide varieti consum program offer adult children teens.summari positionberlitz renown around world commit qualiti languag instruct educ seek passion knowledg part time instructor languag languag centers. excit immeasur reward role teach requir languag assign class student accord berlitz instruct principl maintain student class record fulfil administr duti requir request instruct manager. also particip profession develop cours activ ensur familiar goal orient student center instruction.if nativ fluenci languag passion learn teach berlitz may right place util knowledg skill develop person profession part time languag instructor job responsibilitiesa part time languag instructor deliv lesson accord berlitz teach principl focus interest need students. work privat student well group class learn center one offsit locations. addit respons part time languag instructor includ keep student record profil card date particip perform evalu plan integr learn technolog teach program maintain center resourc materi
55,251364,part time languag instructor english teacher educ berlitz languag inc. philadelphia part time part time languag instructorth berlitz advantageberlitz premier provid languag train cultur servic locat countri includ locat u.s. canada. last year compani acquir busi expand scope services. addit product servic includ languag profici test creation deliveri administr commun global leadership develop train media base technolog enabl learn number program servic enhanc cross cultur effectiveness. servic combin led berlitz embark strategi recogn global educ company. mission help individu commun effect busi compet global marketplac succeed. merg year innov languag servic latest technolog advanc berlitz resourc extens network accommod need busi organ one one train enterpris wide programs. addit berlitz help world commun wide varieti consum program offer adult children teens.summari positionberlitz renown around world commit qualiti languag instruct educ seek passion knowledg part time instructor languag languag centers. excit immeasur reward role teach requir languag assign class student accord berlitz instruct principl maintain student class record fulfil administr duti requir request instruct manager. also particip profession develop cours activ ensur familiar goal orient student center instruction.if nativ fluenci languag passion learn teach berlitz may right place util knowledg skill develop person profession part time languag instructor job responsibilitiesa part time languag instructor deliv lesson accord berlitz teach principl focus interest need students. work privat student well group class learn center one offsit locations. addit respons part time languag instructor includ keep student record profil card date particip perform evalu plan integr learn technolog teach program maintain center resourc materi
56,311545,part time languag instructor english teacher educ berlitz languag inc. central part time part time languag instructorth berlitz advantageberlitz premier provid languag train cultur servic locat countri includ locat u.s. canada. last year compani acquir busi expand scope services. addit product servic includ languag profici test creation deliveri administr commun global leadership develop train media base technolog enabl learn number program servic enhanc cross cultur effectiveness. servic combin led berlitz embark strategi recogn global educ company. mission help individu commun effect busi compet global marketplac succeed. merg year innov languag servic latest technolog advanc berlitz resourc extens network accommod need busi organ one one train enterpris wide programs. addit berlitz help world commun wide varieti consum program offer adult children teens.summari positionberlitz renown around world commit qualiti languag instruct educ seek passion knowledg part time instructor languag languag centers. excit immeasur reward role teach requir languag assign class student accord berlitz instruct principl maintain student class record fulfil administr duti requir request instruct manager. also particip profession develop cours activ ensur familiar goal orient student center instruction.if nativ fluenci languag passion learn teach berlitz may right place util knowledg skill develop person profession part time languag instructor job responsibilitiesa part time languag instructor deliv lesson accord berlitz teach principl focus interest need students. work privat student well group class learn center one offsit locations. addit respons part time languag instructor includ keep student record profil card date particip perform evalu plan integr learn technolog teach program maintain center resourc materi
57,289325,part time languag instructor english teacher educ berlitz languag inc. indianapoli part time part time languag instructorth berlitz advantageberlitz premier provid languag train cultur servic locat countri includ locat u.s. canada. last year compani acquir busi expand scope services. addit product servic includ languag profici test creation deliveri administr commun global leadership develop train media base technolog enabl learn number program servic enhanc cross cultur effectiveness. servic combin led berlitz embark strategi recogn global educ company. mission help individu commun effect busi compet global marketplac succeed. merg year innov languag servic latest technolog advanc berlitz resourc extens network accommod need busi organ one one train enterpris wide programs. addit berlitz help world commun wide varieti consum program offer adult children teens.summari positionberlitz renown around world commit qualiti languag instruct educ seek passion knowledg part time instructor languag languag centers. excit immeasur reward role teach requir languag assign class student accord berlitz instruct principl maintain student class record fulfil administr duti requir request instruct manager. also particip profession develop cours activ ensur familiar goal orient student center instruction.if nativ fluenci languag passion learn teach berlitz may right place util knowledg skill develop person profession part time languag instructor job responsibilitiesa part time languag instructor deliv lesson accord berlitz teach principl focus interest need students. work privat student well group class learn center one offsit locations. addit respons part time languag instructor includ keep student record profil card date particip perform evalu plan integr learn technolog teach program maintain center resourc materi
58,279665,part time languag instructor croatian teacher educ berlitz languag inc. vienna part time part time croatian instructorth berlitz advantageberlitz premier provid languag train cultur servic locat countri includ locat u.s. canada. last year compani acquir busi expand scope services. addit product servic includ languag profici test creation deliveri administr commun global leadership develop train media base technolog enabl learn number program servic enhanc cross cultur effectiveness. servic combin led berlitz embark strategi recogn global educ company. mission help individu commun effect busi compet global marketplac succeed. merg year innov languag servic latest technolog advanc berlitz resourc extens network accommod need busi organ one one train enterpris wide programs. addit berlitz help world commun wide varieti consum program offer adult children teens.summari positionberlitz renown around world commit qualiti languag instruct educ seek passion knowledg part time instructor languag languag centers. excit immeasur reward role teach croatian assign class student accord berlitz instruct principl maintain student class record fulfil administr duti requir request instruct manager. also particip profession develop cours activ ensur familiar goal orient student center instruction.if nativ fluenci languag passion learn teach berlitz may right place util knowledg skill develop person profession part time languag instructor job responsibilitiesa part time languag instructor deliv lesson accord berlitz teach principl focus interest need students. work privat student well group class learn center one offsit locations. addit respons part time languag instructor includ keep student record profil card date particip perform evalu plan integr learn technolog teach program maintain center resourc materi
59,283322,part time languag instructor english teacher educ berlitz languag inc. longmont part time part time languag instructorth berlitz advantageberlitz premier provid languag train cultur servic locat countri includ locat u.s. canada. last year compani acquir busi expand scope services. addit product servic includ languag profici test creation deliveri administr commun global leadership develop train media base technolog enabl learn number program servic enhanc cross cultur effectiveness. servic combin led berlitz embark strategi recogn global educ company. mission help individu commun effect busi compet global marketplac succeed. merg year innov languag servic latest technolog advanc berlitz resourc extens network accommod need busi organ one one train enterpris wide programs. addit berlitz help world commun wide varieti consum program offer adult children teens.summari positionberlitz renown around world commit qualiti languag instruct educ seek passion knowledg part time instructor languag languag centers. excit immeasur reward role teach requir languag assign class student accord berlitz instruct principl maintain student class record fulfil administr duti requir request instruct manager. also particip profession develop cours activ ensur familiar goal orient student center instruction.if nativ fluenci languag passion learn teach berlitz may right place util knowledg skill develop person profession part time languag instructor job responsibilitiesa part time languag instructor deliv lesson accord berlitz teach principl focus interest need students. work privat student well group class learn center one offsit locations. addit respons part time languag instructor includ keep student record profil card date particip perform evalu plan integr learn technolog teach program maintain center resourc materi
60,278012,part time languag instructor english teacher educ berlitz languag inc. white plain part time part time languag instructorth berlitz advantageberlitz premier provid languag train cultur servic locat countri includ locat u.s. canada. last year compani acquir busi expand scope services. addit product servic includ languag profici test creation deliveri administr commun global leadership develop train media base technolog enabl learn number program servic enhanc cross cultur effectiveness. servic combin led berlitz embark strategi recogn global educ company. mission help individu commun effect busi compet global marketplac succeed. merg year innov languag servic latest technolog advanc berlitz resourc extens network accommod need busi organ one one train enterpris wide programs. addit berlitz help world commun wide varieti consum program offer adult children teens.summari positionberlitz renown around world commit qualiti languag instruct educ seek passion knowledg part time instructor languag languag centers. excit immeasur reward role teach requir languag assign class student accord berlitz instruct principl maintain student class record fulfil administr duti requir request instruct manager. also particip profession develop cours activ ensur familiar goal orient student center instruction.if nativ fluenci languag passion learn teach berlitz may right place util knowledg skill develop person profession part time languag instructor job responsibilitiesa part time languag instructor deliv lesson accord berlitz teach principl focus interest need students. work privat student well group class learn center one offsit locations. addit respons part time languag instructor includ keep student record profil card date particip perform evalu plan integr learn technolog teach program maintain center resourc materi
61,283324,part time languag instructor english teacher educ berlitz languag inc. fairborn part time part time languag instructorth berlitz advantageberlitz premier provid languag train cultur servic locat countri includ locat u.s. canada. last year compani acquir busi expand scope services. addit product servic includ languag profici test creation deliveri administr commun global leadership develop train media base technolog enabl learn number program servic enhanc cross cultur effectiveness. servic combin led berlitz embark strategi recogn global educ company. mission help individu commun effect busi compet global marketplac succeed. merg year innov languag servic latest technolog advanc berlitz resourc extens network accommod need busi organ one one train enterpris wide programs. addit berlitz help world commun wide varieti consum program offer adult children teens.summari positionberlitz renown around world commit qualiti languag instruct educ seek passion knowledg part time instructor languag languag centers. excit immeasur reward role teach requir languag assign class student accord berlitz instruct principl maintain student class record fulfil administr duti requir request instruct manager. also particip profession develop cours activ ensur familiar goal orient student center instruction.if nativ fluenci languag passion learn teach berlitz may right place util knowledg skill develop person profession part time languag instructor job responsibilitiesa part time languag instructor deliv lesson accord berlitz teach principl focus interest need students. work privat student well group class learn center one offsit locations. addit respons part time languag instructor includ keep student record profil card date particip perform evalu plan integr learn technolog teach program maintain center resourc materi
62,279373,part time languag instructor english teacher educ berlitz languag inc. lyon part time part time languag instructorth berlitz advantageberlitz premier provid languag train cultur servic locat countri includ locat u.s. canada. last year compani acquir busi expand scope services. addit product servic includ languag profici test creation deliveri administr commun global leadership develop train media base technolog enabl learn number program servic enhanc cross cultur effectiveness. servic combin led berlitz embark strategi recogn global educ company. mission help individu commun effect busi compet global marketplac succeed. merg year innov languag servic latest technolog advanc berlitz resourc extens network accommod need busi organ one one train enterpris wide programs. addit berlitz help world commun wide varieti consum program offer adult children teens.summari positionberlitz renown around world commit qualiti languag instruct educ seek passion knowledg part time instructor languag languag centers. excit immeasur reward role teach requir languag assign class student accord berlitz instruct principl maintain student class record fulfil administr duti requir request instruct manager. also particip profession develop cours activ ensur familiar goal orient student center instruction.if nativ fluenci languag passion learn teach berlitz may right place util knowledg skill develop person profession part time languag instructor job responsibilitiesa part time languag instructor deliv lesson accord berlitz teach principl focus interest need students. work privat student well group class learn center one offsit locations. addit respons part time languag instructor includ keep student record profil card date particip perform evalu plan integr learn technolog teach program maintain center resourc materi
63,311540,part time languag instructor english teacher educ berlitz languag inc. corydon part time part time languag instructorth berlitz advantageberlitz premier provid languag train cultur servic locat countri includ locat u.s. canada. last year compani acquir busi expand scope services. addit product servic includ languag profici test creation deliveri administr commun global leadership develop train media base technolog enabl learn number program servic enhanc cross cultur effectiveness. servic combin led berlitz embark strategi recogn global educ company. mission help individu commun effect busi compet global marketplac succeed. merg year innov languag servic latest technolog advanc berlitz resourc extens network accommod need busi organ one one train enterpris wide programs. addit berlitz help world commun wide varieti consum program offer adult children teens.summari positionberlitz renown around world commit qualiti languag instruct educ seek passion knowledg part time instructor languag languag centers. excit immeasur reward role teach requir languag assign class student accord berlitz instruct principl maintain student class record fulfil administr duti requir request instruct manager. also particip profession develop cours activ ensur familiar goal orient student center instruction.if nativ fluenci languag passion learn teach berlitz may right place util knowledg skill develop person profession part time languag instructor job responsibilitiesa part time languag instructor deliv lesson accord berlitz teach principl focus interest need students. work privat student well group class learn center one offsit locations. addit respons part time languag instructor includ keep student record profil card date particip perform evalu plan integr learn technolog teach program maintain center resourc materi
64,280717,part time languag instructor vietnames teacher educ berlitz languag inc. san diego part time part time languag instructorth berlitz advantageberlitz premier provid languag train cultur servic locat countri includ locat u.s. canada. last year compani acquir busi expand scope services. addit product servic includ languag profici test creation deliveri administr commun global leadership develop train media base technolog enabl learn number program servic enhanc cross cultur effectiveness. servic combin led berlitz embark strategi recogn global educ company. mission help individu commun effect busi compet global marketplac succeed. merg year innov languag servic latest technolog advanc berlitz resourc extens network accommod need busi organ one one train enterpris wide programs. addit berlitz help world commun wide varieti consum program offer adult children teens.summari positionberlitz renown around world commit qualiti languag instruct educ seek passion knowledg part time instructor languag languag centers. excit immeasur reward role teach requir languag assign class student accord berlitz instruct principl maintain student class record fulfil administr duti requir request instruct manager. also particip profession develop cours activ ensur familiar goal orient student center instruction.if nativ fluenci languag passion learn teach berlitz may right place util knowledg skill develop person profession part time languag instructor job responsibilitiesa part time languag instructor deliv lesson accord berlitz teach principl focus interest need students. work privat student well group class learn center one offsit locations. addit respons part time languag instructor includ keep student record profil card date particip perform evalu plan integr learn technolog teach program maintain center resourc materi
65,283323,part time languag instructor english teacher educ berlitz languag inc. battletown part time part time languag instructorth berlitz advantageberlitz premier provid languag train cultur servic locat countri includ locat u.s. canada. last year compani acquir busi expand scope services. addit product servic includ languag profici test creation deliveri administr commun global leadership develop train media base technolog enabl learn number program servic enhanc cross cultur effectiveness. servic combin led berlitz embark strategi recogn global educ company. mission help individu commun effect busi compet global marketplac succeed. merg year innov languag servic latest technolog advanc berlitz resourc extens network accommod need busi organ one one train enterpris wide programs. addit berlitz help world commun wide varieti consum program offer adult children teens.summari positionberlitz renown around world commit qualiti languag instruct educ seek passion knowledg part time instructor languag languag centers. excit immeasur reward role teach requir languag assign class student accord berlitz instruct principl maintain student class record fulfil administr duti requir request instruct manager. also particip profession develop cours activ ensur familiar goal orient student center instruction.if nativ fluenci languag passion learn teach berlitz may right place util knowledg skill develop person profession part time languag instructor job responsibilitiesa part time languag instructor deliv lesson accord berlitz teach principl focus interest need students. work privat student well group class learn center one offsit locations. addit respons part time languag instructor includ keep student record profil card date particip perform evalu plan integr learn technolog teach program maintain center resourc materi
66,318793,part time languag instructor arab french italian spanish berlitz languag inc. garden citi part time part time languag instructorth berlitz advantageberlitz premier provid languag train cultur servic locat countri includ locat u.s. canada. last year compani acquir busi expand scope services. addit product servic includ languag profici test creation deliveri administr commun global leadership develop train media base technolog enabl learn number program servic enhanc cross cultur effectiveness. servic combin led berlitz embark strategi recogn global educ company. mission help individu commun effect busi compet global marketplac succeed. merg year innov languag servic latest technolog advanc berlitz resourc extens network accommod need busi organ one one train enterpris wide programs. addit berlitz help world commun wide varieti consum program offer adult children teens.summari positionberlitz renown around world commit qualiti languag instruct educ seek passion knowledg part time instructor languag languag centers. excit immeasur reward role teach requir languag assign class student accord berlitz instruct principl maintain student class record fulfil administr duti requir request instruct manager. also particip profession develop cours activ ensur familiar goal orient student center instruction.if nativ fluenci languag passion learn teach berlitz may right place util knowledg skill develop person profession part time languag instructor job responsibilitiesa part time languag instructor deliv lesson accord berlitz teach principl focus interest need students. work privat student well group class learn center one offsit locations. addit respons part time languag instructor includ keep student record profil card date particip perform evalu plan integr learn technolog teach program maintain center resourc materi
67,277857,part time languag instructor arab teacher educ berlitz languag inc. ridgewood part time part time languag instructorth berlitz advantageberlitz premier provid languag train cultur servic locat countri includ locat u.s. canada. last year compani acquir busi expand scope services. addit product servic includ languag profici test creation deliveri administr commun global leadership develop train media base technolog enabl learn number program servic enhanc cross cultur effectiveness. servic combin led berlitz embark strategi recogn global educ company. mission help individu commun effect busi compet global marketplac succeed. merg year innov languag servic latest technolog advanc berlitz resourc extens network accommod need busi organ one one train enterpris wide programs. addit berlitz help world commun wide varieti consum program offer adult children teens.summari positionberlitz renown around world commit qualiti languag instruct educ seek passion knowledg part time instructor languag languag centers. excit immeasur reward role teach requir languag assign class student accord berlitz instruct principl maintain student class record fulfil administr duti requir request instruct manager. also particip profession develop cours activ ensur familiar goal orient student center instruction.if nativ fluenci languag passion learn teach berlitz may right place util knowledg skill develop person profession part time languag instructor job responsibilitiesa part time languag instructor deliv lesson accord berlitz teach principl focus interest need students. work privat student well group class learn center one offsit locations. addit respons part time languag instructor includ keep student record profil card date particip perform evalu plan integr learn technolog teach program maintain center resourc materi
68,285616,bookkeep accountemp troy season temp ref id classif bookkeepercompens . . per hourour oakland counti client look temp hire bookkeeper. book keeper debit credit adjust bill invoic reconcil custom accounts. book keeper must strong excel skill netsuit preferred.
69,251281,part time languag instructor german english berlitz languag inc. wayn part time part time languag instructorth berlitz advantageberlitz premier provid languag train cultur servic locat countri includ locat u.s. canada. last year compani acquir busi expand scope services. addit product servic includ languag profici test creation deliveri administr commun global leadership develop train media base technolog enabl learn number program servic enhanc cross cultur effectiveness. servic combin led berlitz embark strategi recogn global educ company. mission help individu commun effect busi compet global marketplac succeed. merg year innov languag servic latest technolog advanc berlitz resourc extens network accommod need busi organ one one train enterpris wide programs. addit berlitz help world commun wide varieti consum program offer adult children teens.summari positionberlitz renown around world commit qualiti languag instruct educ seek passion knowledg part time instructor languag languag centers. excit immeasur reward role teach requir languag assign class student accord berlitz instruct principl maintain student class record fulfil administr duti requir request instruct manager. also particip profession develop cours activ ensur familiar goal orient student center instruction.if nativ fluenci languag passion learn teach berlitz may right place util knowledg skill develop person profession part time languag instructor job responsibilitiesa part time languag instructor deliv lesson accord berlitz teach principl focus interest need students. work privat student well group class learn center one offsit locations. addit respons part time languag instructor includ keep student record profil card date particip perform evalu plan integr learn technolog teach program maintain center resourc materi
70,318883,part time languag instructor levantin arab msa berlitz languag inc. fort walton beach part time part time languag instructorth berlitz advantageberlitz premier provid languag train cultur servic locat countri includ locat u.s. canada. last year compani acquir busi expand scope services. addit product servic includ languag profici test creation deliveri administr commun global leadership develop train media base technolog enabl learn number program servic enhanc cross cultur effectiveness. servic combin led berlitz embark strategi recogn global educ company. mission help individu commun effect busi compet global marketplac succeed. merg year innov languag servic latest technolog advanc berlitz resourc extens network accommod need busi organ one one train enterpris wide programs. addit berlitz help world commun wide varieti consum program offer adult children teens.summari positionberlitz renown around world commit qualiti languag instruct educ seek passion knowledg part time instructor languag languag centers. excit immeasur reward role teach requir languag assign class student accord berlitz instruct principl maintain student class record fulfil administr duti requir request instruct manager. also particip profession develop cours activ ensur familiar goal orient student center instruction.if nativ fluenci languag passion learn teach berlitz may right place util knowledg skill develop person profession part time languag instructor job responsibilitiesa part time languag instructor deliv lesson accord berlitz teach principl focus interest need students. work privat student well group class learn center one offsit locations. addit respons part time languag instructor includ keep student record profil card date particip perform evalu plan integr learn technolog teach program maintain center resourc materi
71,251863,caregiv need comfort keeper lexington full time part time enjoy care other like feel need need comfort keeper noth import help peopl live full independ dignifi live within comfort homes. comfort keeper dedic provid home care enrich client live help maintain highest possibl level independ living. comfort keeper special people. becom comfort keeper join grow famili dedic provid companionship help hand non medic care senior homes. member one respect rapidli grow network dedic non medic home care comfort keeper offer career person profession growth full part time basis. comfort keeper seek highli depend reliabl caregiv love care elderly. benefit includ competit pay referr bonus flexibl hour friendli environ foster person growth job duti includ non medic home care assist senior disabl adult assist client daili live need errand light housekeep meal prepar transport companionship friendship senior love one person care medic remind
72,244491,part time book keeper coworx staf servic dover part time part time mom hour r amp p book keeper coworx staf current seek nbsp well qualifi candid articul educ detail orientated. individu must read write english proper grammar articul profession phone skill multi task excel time manag attent detail organ experienc r amp p book keep resum
73,311524,part time servic repres berlitz languag inc. garden citi part time part time servic representativejob identif busi titl servic repres function non exempt part time depart market area berlitz advantageberlitz premier provid languag train cultur servic locat countri includ locat u.s. canada. last year compani acquir busi expand scope services. addit product servic includ languag profici test creation deliveri administr commun global leadership develop train media base technolog enabl learn number program servic enhanc cross cultur effectiveness. servic combin led berlitz embark strategi recogn global educ company. mission help individu commun effect busi compet global marketplac succeed. merg year innov languag servic latest technolog advanc berlitz resourc extens network accommod need busi organ one one train enterpris wide programs. addit berlitz help world commun wide varieti consum program offer adult children teens.summari positionassur maximum satisfact intern extern custom manag expect order achiev object creat long stay loyal customers. handl day day learn center oper perform administr functions. support retent acquisit sale function track market activities. essenti duti responsibilitiescustom retent activ enrol renewalmaintain posit custom relat ensur custom satisfact conduct first lesson interview schedul lesson custom instructor schedul conduct student consult ensur optim languag center appear encourag custom enrollments.operationsent manag inform lcm process invoic collect custom payment prepar reconcil payrol financi report manag materi inventory.custom acquisit activitiesconduct sale activ initi inquiri enrol support track local market activ promot events.supervisori relationshipsreport market area director
74,254445,receptionist officeteam princeton season temp ref id classif receptionist switchboardcompens . . per houra local financi invest compani look temporari receptionist help support office. receptionist comfort phone well provid custom service. temporari receptionist profici microsoft word excel month receptionist experience.
75,270718,receptionist officeteam princeton season temp ref id classif receptionist switchboardcompens . . per houra local financi invest compani look temporari receptionist help support office. receptionist comfort phone well provid custom service. temporari receptionist profici microsoft word excel month receptionist experience.
76,82,book keeper nation japanes american histor societi san francisco part time njah stand nation japanes american histor society. locat sf j town. current look fullservic book keeper work least day week hour pm . . manag bill invoic order charg quickbook . handl account payabl bill payment onlin bill payment check . account receiv . process payrol sale tax . file gov report need
77,151131,secur offic confidenti chillicoth part time look reliabl part time secur officer.
78,304329,custom servic rep need officeteam san antonio season temp ref id classif custom servicecompens . . per hourexperienc custom servic rep need weekend project custom servic rep assist media organ present teacher sun prairi high school april . custom servic rep set booth school hand brochur pamphlet talk teacher tri product. posit requir hour work day. pleas contact ashley click email resum inquiri
79,295764,receptionist officeteam sacramento season temp ref id classif secretari admin asstcompens . . per hourreceptionist officeteam current opportun articul proactiv receptionist well establish properti manag company. receptionist respons greet visitor answer line multi phone system effici accur relay messag employees. receptionist often first impress compani portray order success bright friendli organ and. addit receptionist duti includ handl incom outgo mail miscellan offic cleric duties. receptionist profici microsoft excel word.
80,309139,cna certifi nurs assist comfort keeper charlott full time part time comfort keeper immedi need cna experienc caregiv join interact care team. comfort keeper seek compassion individu heart care other provid one one caregiv experi comfort keeper provide. caregiv expect present profession posit engag client caregiv experience. comfort keeper perform activ daili live client rather clients. seek individu knack engag senior emot social mental prevent hospit long term facil placement. seek indivud flexibl avail part time shift area mecklenburg county. greatest need lake norman area huntersvil corneliu denver east charlott pinevil matthew . posit begin part time flexibl avail proven abil engag client provid remark servic often achiev full time statu within short time desir . retire encourag appli posit also avail salisburi mooresvil statesvil hickori concord lexington must reliabl transport valid driver license. must will work two weekend per month primarili morn hour needed. bi weekli pay. conduct extens background check includ drug testing. offer employ made convey utmost profession compass clean background true desir help need. excel attend reliabl crucial. take repres one best home care provid area encourag appli today nbsp www.charlott .comfortkeepers.com nbsp essenti function perform duti assign person care servic plan. assist client assist activ daili live provid comfort keeper approv person care activ includ limit nbsp bath dress toilet includ adult brief groom oral hygien ambul bath feeding. provid clean safe healthi environ client famili members. nbsp provid light housekeep task includ launder client rsquo garment linen chang bed. nbsp assist meet nutrit need provid meal plan meal prepar groceri shop dish kitchen clean up. assist client ambul transfer specifi plan care. remind client take self administ medications. observ report chang client rsquo mental physic emot condit home situat immedi supervisor time manner. establish maintain effect commun profession relationship client famili member co workers. particip servic continu educ program staff meet client confer request immedi supervisor. complet requir document servic deliv submit offic time manner accord policy. use equip suppli safe properly. nbsp maintain confidenti regard client information. reason relat duti assigned.
81,290946,receptionist officeteam torranc season temp ref id classif receptionist switchboardcompens . . per houra popular south bay food distribut compani seek temporari receptionist. receptionist respons greet visitor answer multi line phone system direct calls. receptionist must profession great custom servic interperson skills. receptionist must recent experi work receptionist. receptionist must intermedi skill ms outlook excel word. bilingu spanish prefer required. posit temporari months.
82,147093,assist teacher la petit academi miamisburg part time la petit academi miamisburg hire assist teacher childcar facil locat spring valley pike join talent team inspir children lifelong learner play base curriculum affection love staff ensur children impart knowledg succeed.our assist teacher care compassion love ensur daili care everi child follow licens guidelin implement compani standards.help maintain fun interact classroom clean organized.hav countless advanc opportun go train expans network center brands.ar reward hug children prais parent everi day look candid passion growth develop preciou children care are. interest talk applic child develop associ cda credentialcar pathway level certif highli preferredexperi work licens childcar facil strongli preferredmust least year agemust high school diploma equivalentkeyword teacher teach preschool teacher infant teacher toddler teacher two teacher pre k teacher prekindergarten teacher earli childhood teacher earli childhood educ earli childhood educ child develop childdevelop associ daycar teacher day care teacher childcar teacher child care teacher full time teacher part time teacher experienc teacher train
83,268300,lead teacher assist teacher need childtim learn center commerc township part time childtim commerc hire teacher grow childcar facil locat bogi lake road. look dynam teacher look reward work environ full part time posit avail infant toddler rooms. also look part time float assist teacher.join talent team inspir children lifelong learner play base curriculum affection love staff ensur children impart knowledg succeed. teachers... care compassion love ensur daili care everi child follow licens guidelin implement compani standards. commun directli parent prospect parent achiev success child. maintain fun interact classroom clean organized. countless advanc opportun go train expans network center brands. reward hug children prais parent everi day look candid passion growth develop preciou children care are. interest talk applic experi work licens childcar facil high school diploma equival coursework degre earli childhood educ child develop cda impecc refer proven track record care nurtur children provid great start educ career abil meet state accredit requir educ experi flexibl hour schedul work must least year age key word teacher teach preschool teacher infant teacher toddler teacher two teacher pre k teacher prekindergarten teacher earli childhood teacher earli childhood educ earli childhood educ child develop child develop associ daycar teacher day care teacher childcar teacher child care teacher full time teacher part time teacher experienc teacher train
84,182214,receptionist officeteam la quinta season temp ref id classif receptionist switchboardcompens doeloc insur compani need part time receptionist help assist temporari support. candid excel level custom servic work well pressur good phone skill profici microsoft offic suite. must bilingu english spanish. part time posit monday friday hour noon pm. job duti includ answer phone email custom service.
85,289518,bilingu receptionist need north hollywood officeteam burbank season temp ref id classif account execut staf managercompens doea north hollywood organ special development need infant children seek experienc bilingu spanish receptionist temporari assignment. role receptionist greet client answer phone direct call perform relat duti needed. posit temporari opportunity. ideal candid must experi receptionist abl conduct busi english spanish. basic knowledg microsoft word excel needed. year experi receptionist bilingu fluent english spanish appli click email resum
86,246380,part time assist teacher tutor time farmington hill part time come grow us tutor time farmington hill hire part time assist teacher grow childcar facil orchard lake road.join talent team inspir children lifelong learner play base curriculum affection love staff ensur children impart knowledg succeed.our assist teacher care compassion love ensur daili care everi child follow licens guidelin implement compani standards. help maintain fun interact classroom clean organized. countless advanc opportun go train expans network center brands.ar reward hug children prais parent everi day look candid passion growth develop preciou children care are. interest talk applic high school diploma equivalentexperi work licens childcar facilitycoursework earli childhood educ child developmentimpecc refer proven track record care nurtur children provid great start educ careersth abil meet state accredit requir educ experienceflex hour schedul workmust least year agekey word teacher teach preschool teacher infant teacher toddler teacher two teacher pre k teacher prekindergarten teacher earli childhood teacher earli childhood educ earli childhood educ child develop child develop associ daycar teacher day care teacher childcar teacher child care teacher full time teacher part time teacher experienc teacher train
87,307880,assist teacher tutor time wall lake part time tutor time learn center hire open part time assist teacher toddler earli preschool qualifi candid high school diploma experi work children center locat pontiac trail join talent team inspir children lifelong learner play base curriculum affection love staff ensur children impart knowledg succeed.our assist teacher care compassion love ensur daili care everi child follow licens guidelin implement compani standards. help maintain fun interact classroom clean organized. countless advanc opportun go train expans network center brands.ar reward hug children prais parent everi day look candid passion growth develop preciou children care are. interest talk applic high school diploma equivalentexperi work licens childcar facilitycoursework earli childhood educ child developmentimpecc refer proven track record care nurtur children provid great start educ careersth abil meet state accredit requir educ experienceflex hour schedul workmust least year agekeyword teacher teach preschool teacher infant teacher toddler teacher two teacher pre k teacher prekindergarten teacher earli childhood teacher earli childhood educ earli childhood educ child develop childdevelop associ daycar teacher day care teacher childcar teacher child care teacher full time teacher part time teacher experienc teacher train
88,265951,receptionist officeteam madison season temp ref id classif receptionist switchboardcompens . . per hoursmal construct base compani look receptionist. receptionist main coordin entir offic respons greet custom client answer phone direct peopl appropri representative. ideal candid previou experi similar role abl multi task.
89,271012,receptionist officeteam somervil season temp ref id classif receptionist switchboardcompens . . per hourofficeteam excel opportun receptionist. partner nonprofit somervil need temporari receptionist. receptionist respons greet client answer triag call provid gener offic support needed. receptionist posit short term need. prefer receptionist bilingu english spanish. pleas appli www.officeteam.com interested.
90,283025,receptionist officeteam cerrito season temp ref id classif receptionist switchboardcompens . . per hourcal receptionist fortun compani make forb magazin admir compani list look receptionist north orang counti location. receptionist respons handl busi phone greet client guest book confer room manag offic calendar. receptionist also respons support administr staff put togeth present manag staff.
91,248500,immedi open part time assist teacher tutor time chandler part time tutor time chandler hire part time assist teacher preschool two classroom grow childcar center locat n. mcclintock.candid must high school diploma month experi alicens childcar facility. join talent team inspir children lifelong learner play base curriculum affection love staff ensur children impart knowledg succeed.our assist teacher care compassion love ensur daili care everi child follow licens guidelin implement compani standards. help maintain fun interact classroom clean organized. countless advanc opportun go train expans network center brands.ar reward hug children prais parent everi day look candid passion growth develop preciou children care are. interest talk applic high school diploma equivalentexperi work licens childcar facilitycoursework earli childhood educ child developmentimpecc refer proven track record care nurtur children provid great start educ careersth abil meet state accredit requir educ experienceflex hour schedul workmust least year age inform regard current open contact us phone keyword teacher teach preschool teacher infant teacher toddler teacher two teacher pre k teacher prekindergarten teacher earli childhood teacher earli childhood educ earli childhood educ child develop childdevelop associ daycar teacher day care teacher childcar teacher child care teacher full time teacher part time teacher experienc teacher train
92,296806,medic receptionist spanish bi lingual officeteam north riversid season temp ref id classif administr medicalcompens . . per hourofficeteam client locat north riversid look spanish bi lingual medic receptionist temporari full time opportunity. medic receptionist respons greet patient schedul appoint take co pay ensur complet paperwork sign secur procedures. medic receptionist must prior experi medic receptionist least year. medic receptionist must abil work least saturday per month evenings. medic receptionist must type least word per minut experi work electron medic record system. medic receptionist must spanish bi lingual. meet qualif posit pleas appli directli post call officeteam . .
93,306942,immedi open lead teacher bu driver childtim learn center lilburn part time hire childcar lead teacher lilburn childtim learn center locat darl court open lead infant teacherlead toddler teacher earli preschool teachercandid must cda. year previou experi licens childcar facility. join talent team inspir children lifelong learner play base curriculum affection love staff ensur children impart knowledg succeed.our lead teacher creat fun interact learn experi serv mentor fellow teachers.ar care compassion love ensur daili care everi child follow licens guidelin implement compani standards.commun directli parent prospect parent achiev success child.maintain fun interact classroom clean organized.hav countless advanc opportun go train expans network center brands.ar reward hug children prais parent everi day look candid passion growth develop preciou children care are. interest talk applic cda tcc tcd a.a. degre higher ece child develop month experi work licens childcar facilitymust least year ageappl must complet onlin question opportun contact keyword teacher teach preschool teacher infant teacher toddler teacher two teacher pre k teacher prekindergarten teacher earli childhood teacher earli childhood educ earli childhood educ child develop childdevelop associ daycar teacher day care teacher childcar teacher child care teacher full time teacher part time teacher experienc teacher train
94,277684,part time assist teacher childtim learn center northvil part time childtim learn center northvil mi hire part time assist teachers. approxim hour per week childcar facil locat halst northvil mi. prefer hour pm pm.join talent team inspir children lifelong learner play base curriculum affection love staff ensur children impart knowledg succeed.our assist teacher care compassion love ensur daili care everi child follow licens guidelin implement compani standards. help maintain fun interact classroom clean organized. countless advanc opportun go train expans network center brands.ar reward hug children prais parent everi day look candid passion growth develop preciou children care are. interest talk applic high school diploma equivalentexperi work licens childcar facilitycoursework earli childhood educ child developmentimpecc refer proven track record care nurtur children provid great start educ careersth abil meet state accredit requir educ experienceflex hour schedul workmust least year agemust cda associ ece jr kindergarten teacher keyword teacher teach preschool teacher infant teacher toddler teacher two teacher pre k teacher prekindergarten teacher earli childhood teacher earli childhood educ earli childhood educ child develop childdevelop associ daycar teacher day care teacher childcar teacher child care teacher full time teacher part time teacher experienc teacher train
95,277450,summer camp assist teacher need children courtyard southlak part time children courtyard hire southlak seek teacher assist teacher beauti corpor circl location.summ camp teacher season teachersassist teacher infant two classroomsfloat teacher cover break lunch monday friday hour vari pmapplic must complet onlin question contact excit meet individu seek career opportun ece industry. join talent team inspir children lifelong learner play base curriculum affection love staff ensur children impart knowledg succeed.our assist teacher care compassion love ensur daili care everi child follow licens guidelin implement compani standards.help maintain fun interact classroom clean organized.hav countless advanc opportun go train expans network center brands.ar reward hug children prais parent everi day look candid passion growth develop preciou children care are. interest talk applic high school diploma equivalentexperi work licens childcar facilitycoursework earli childhood educ child developmentimpecc refer proven track record care nurtur children provid great start educ careersth abil meet state accredit requir educ experienceflex hour schedul workmust least year agekey word teacher teach teacher aid teacher assist preschool teacher childcar teacher child care teacher daycar teacher day care teacher earli childhood teacher earli childhood educ child develop associ part time teacher train
96,303417,summer school age assist children courtyard flower mound part time children courtyard hire flower mound monday friday part time pm shift possibleavail opportun summer school age assist teacher inform question pleas call join talent team inspir children lifelong learner play base curriculum affection love staff ensur children impart knowledg succeed.our assist teacher care compassion love ensur daili care everi child follow licens guidelin implement compani standards. help maintain fun interact classroom clean organized. countless advanc opportun go train expans network center brands.ar reward hug children prais parent everi day look candid passion growth develop preciou children care are. interest talk applic high school diploma equivalentexperi work licens childcar facilitycoursework earli childhood educ child developmentimpecc refer proven track record care nurtur children provid great start educ careersth abil meet state accredit requir educ experienceflex hour schedul workmust least year age keyword teacher teach preschool teacher infant teacher toddler teacher two teacher pre k teacher prekindergarten teacher earli childhood teacher earli childhood educ earli childhood educ child develop childdevelop associ daycar teacher day care teacher childcar teacher child care teacher full time teacher part time teacher experienc teacher train
97,251009,part time teacher need bowl green la petit academi bowl green part time la petit academi bowl green hire look energet enthusiast individu join team part time teacher variou classroomsat childcar facil locat wilkinson trace join talent team inspir children lifelong learner play base curriculum affection love staff ensur children impart knowledg succeed.our teachers...ar care compassion love ensur daili care everi child follow licens guidelin implement compani standards.commun directli parent prospect parent achiev success child.maintain fun interact classroom clean organized.hav countless advanc opportun go train expans network center brands.ar reward hug children prais parent everi day look candid passion growth develop preciou children care are. interest talk applic child develop associ credenti cda degre relat fieldexperi work licens childcar facil strongli preferredmust least year age keyword teacher teach preschool teacher infant teacher toddler teacher two teacher pre k teacher prekindergarten teacher earli childhood teacher earli childhood educ earli childhood educ child develop childdevelop associ daycar teacher day care teacher childcar teacher child care teacher full time teacher part time teacher experienc teacher train
98,258440,assist teacher want west bloomfield tutor time west bloomfield part time tutor time learn center hire open assist teachersat childcar center locat dali rd.candid must high school diploma earli childhood experi preferred.ful time part time posit avail join talent team inspir children lifelong learner play base curriculum affection love staff ensur children impart knowledg succeed.our assist teacher care compassion love ensur daili care everi child follow licens guidelin implement compani standards. help maintain fun interact classroom clean organized. countless advanc opportun go train expans network center brands.ar reward hug children prais parent everi day look candid passion growth develop preciou children care are. interest talk applic high school diploma equivalentexperi work licens childcar facilitycoursework earli childhood educ child developmentimpecc refer proven track record care nurtur children provid great start educ careersth abil meet state accredit requir educ experienceflex hour schedul workmust least year agekeyword teacher teach preschool teacher infant teacher toddler teacher two teacher pre k teacher prekindergarten teacher earli childhood teacher earli childhood educ earli childhood educ child develop childdevelop associ daycar teacher day care teacher childcar teacher child care teacher full time teacher part time teacher experienc teacher train
99,317443,part time lead teacher open toddler preschool school age classroom childtim learn center feder way part time childtim learn center feder way hire part time open school age lead teacherpreschool lead teacher toddler lead teacher childcar center locat south th st.candid must high school diploma month experi licens childcar facility.join talent team inspir children lifelong learner play base curriculum affection love staff ensur children impart knowledg succeed.our lead teacher creat fun interact learn experi serv mentor fellow teachers.ar care compassion love ensur daili care everi child follow licens guidelin implement compani standards.commun directli parent prospect parent achiev success child.maintain fun interact classroom clean organized.hav countless advanc opportun go train expans network center brands.ar reward hug children prais parent everi day look candid passion growth develop preciou children care are. interest talk applic experi work licens childcar facilityproof neg tb testa high school diploma equivalentwilling obtain first aid cpr cardwilling obtain food handler cardpremium pay may avail staff will abl transport children vanmust least year age inform regard current open contact rabia sohail center director phone keyword teacher teach preschool teacher infant teacher toddler teacher two teacher pre k teacher prekindergarten teacher earli childhood teacher earli childhood educ earli childhood educ child develop childdevelop associ daycar teacher day care teacher childcar teacher child care teacher full time teacher part time teacher experienc teacher train
